in_tune,out_of_tune,spectrogram_filename
"['[3]', '[34]']",[677],mix_0_spec.png
"['[772]', '[891]']",[429],mix_1_spec.png
"['[876]', '[601]']",[458],mix_2_spec.png
"['[473]', '[120]']",[858],mix_3_spec.png
"['[579]', '[851]']",[777],mix_4_spec.png
"['[230]', '[564]']",[20],mix_5_spec.png
"['[497]', '[878]']",[634],mix_6_spec.png
"['[592]', '[0]']",[843],mix_7_spec.png
"['[520]', '[629]']",[346],mix_8_spec.png
"['[430]', '[827]']",[306],mix_9_spec.png
"['[740]', '[141]']",[648],mix_10_spec.png
"['[394]', '[12]']",[430],mix_11_spec.png
"['[719]', '[10]']",[571],mix_12_spec.png
"['[430]', '[218]']",[758],mix_13_spec.png
"['[116]', '[448]']",[415],mix_14_spec.png
"['[668]', '[164]']",[308],mix_15_spec.png
"['[207]', '[865]']",[574],mix_16_spec.png
"['[21]', '[267]']",[672],mix_17_spec.png
"['[480]', '[528]']",[197],mix_18_spec.png
"['[236]', '[861]']",[2],mix_19_spec.png
"['[190]', '[317]']",[368],mix_20_spec.png
"['[342]', '[244]']",[302],mix_21_spec.png
"['[814]', '[303]']",[480],mix_22_spec.png
"['[723]', '[704]']",[943],mix_23_spec.png
"['[3]', '[684]']",[713],mix_24_spec.png
"['[437]', '[424]']",[48],mix_25_spec.png
"['[544]', '[670]']",[998],mix_26_spec.png
"['[471]', '[172]']",[390],mix_27_spec.png
"['[830]', '[207]']",[31],mix_28_spec.png
"['[564]', '[211]']",[751],mix_29_spec.png
"['[666]', '[624]']",[343],mix_30_spec.png
"['[52]', '[547]']",[884],mix_31_spec.png
"['[306]', '[817]']",[288],mix_32_spec.png
"['[613]', '[146]']",[427],mix_33_spec.png
"['[843]', '[655]']",[947],mix_34_spec.png
"['[900]', '[607]']",[790],mix_35_spec.png
"['[818]', '[535]']",[477],mix_36_spec.png
"['[0]', '[31]']",[813],mix_37_spec.png
"['[286]', '[749]']",[554],mix_38_spec.png
"['[299]', '[664]']",[73],mix_39_spec.png
"['[663]', '[777]']",[197],mix_40_spec.png
"['[689]', '[821]']",[971],mix_41_spec.png
"['[700]', '[14]']",[496],mix_42_spec.png
"['[302]', '[284]']",[158],mix_43_spec.png
"['[481]', '[807]']",[76],mix_44_spec.png
"['[310]', '[524]']",[426],mix_45_spec.png
"['[226]', '[544]']",[554],mix_46_spec.png
"['[471]', '[782]']",[812],mix_47_spec.png
"['[931]', '[91]']",[297],mix_48_spec.png
"['[402]', '[747]']",[659],mix_49_spec.png
"['[209]', '[71]']",[672],mix_50_spec.png
"['[817]', '[229]']",[866],mix_51_spec.png
"['[849]', '[48]']",[494],mix_52_spec.png
"['[465]', '[949]']",[276],mix_53_spec.png
"['[684]', '[357]']",[551],mix_54_spec.png
"['[10]', '[498]']",[965],mix_55_spec.png
"['[625]', '[282]']",[364],mix_56_spec.png
"['[222]', '[802]']",[624],mix_57_spec.png
"['[329]', '[29]']",[17],mix_58_spec.png
"['[117]', '[5]']",[607],mix_59_spec.png
"['[841]', '[839]']",[974],mix_60_spec.png
"['[763]', '[442]']",[839],mix_61_spec.png
"['[364]', '[222]']",[63],mix_62_spec.png
"['[108]', '[32]']",[437],mix_63_spec.png
"['[626]', '[549]']",[456],mix_64_spec.png
"['[44]', '[338]']",[750],mix_65_spec.png
"['[342]', '[518]']",[108],mix_66_spec.png
"['[881]', '[350]']",[591],mix_67_spec.png
"['[714]', '[670]']",[594],mix_68_spec.png
"['[532]', '[321]']",[10],mix_69_spec.png
"['[554]', '[527]']",[390],mix_70_spec.png
"['[574]', '[769]']",[310],mix_71_spec.png
"['[326]', '[13]']",[397],mix_72_spec.png
"['[483]', '[51]']",[163],mix_73_spec.png
"['[397]', '[965]']",[234],mix_74_spec.png
"['[117]', '[310]']",[782],mix_75_spec.png
"['[207]', '[421]']",[194],mix_76_spec.png
"['[843]', '[523]']",[826],mix_77_spec.png
"['[607]', '[885]']",[873],mix_78_spec.png
"['[269]', '[465]']",[389],mix_79_spec.png
"['[237]', '[570]']",[30],mix_80_spec.png
"['[929]', '[321]']",[669],mix_81_spec.png
"['[305]', '[891]']",[747],mix_82_spec.png
"['[234]', '[391]']",[153],mix_83_spec.png
"['[519]', '[201]']",[19],mix_84_spec.png
"['[584]', '[770]']",[526],mix_85_spec.png
"['[614]', '[114]']",[593],mix_86_spec.png
"['[875]', '[57]']",[456],mix_87_spec.png
"['[346]', '[19]']",[471],mix_88_spec.png
"['[17]', '[276]']",[548],mix_89_spec.png
"['[614]', '[317]']",[868],mix_90_spec.png
"['[733]', '[428]']",[313],mix_91_spec.png
"['[370]', '[826]']",[852],mix_92_spec.png
"['[860]', '[543]']",[202],mix_93_spec.png
"['[614]', '[478]']",[535],mix_94_spec.png
"['[336]', '[898]']",[578],mix_95_spec.png
"['[977]', '[637]']",[912],mix_96_spec.png
"['[540]', '[407]']",[136],mix_97_spec.png
"['[613]', '[818]']",[288],mix_98_spec.png
"['[444]', '[869]']",[427],mix_99_spec.png
"['[148]', '[898]']",[174],mix_100_spec.png
"['[509]', '[819]']",[721],mix_101_spec.png
"['[651]', '[603]']",[134],mix_102_spec.png
"['[501]', '[787]']",[15],mix_103_spec.png
"['[705]', '[879]']",[758],mix_104_spec.png
"['[695]', '[560]']",[117],mix_105_spec.png
"['[15]', '[674]']",[56],mix_106_spec.png
"['[411]', '[47]']",[627],mix_107_spec.png
"['[928]', '[944]']",[779],mix_108_spec.png
"['[1]', '[345]']",[482],mix_109_spec.png
"['[691]', '[667]']",[10],mix_110_spec.png
"['[357]', '[718]']",[665],mix_111_spec.png
"['[207]', '[383]']",[337],mix_112_spec.png
"['[954]', '[842]']",[113],mix_113_spec.png
"['[751]', '[289]']",[676],mix_114_spec.png
"['[518]', '[5]']",[259],mix_115_spec.png
"['[291]', '[520]']",[171],mix_116_spec.png
"['[515]', '[335]']",[66],mix_117_spec.png
"['[598]', '[242]']",[19],mix_118_spec.png
"['[686]', '[782]']",[89],mix_119_spec.png
"['[333]', '[732]']",[294],mix_120_spec.png
"['[571]', '[203]']",[531],mix_121_spec.png
"['[421]', '[857]']",[639],mix_122_spec.png
"['[519]', '[244]']",[692],mix_123_spec.png
"['[674]', '[164]']",[901],mix_124_spec.png
"['[215]', '[584]']",[614],mix_125_spec.png
"['[535]', '[860]']",[447],mix_126_spec.png
"['[91]', '[157]']",[551],mix_127_spec.png
"['[535]', '[938]']",[661],mix_128_spec.png
"['[231]', '[532]']",[641],mix_129_spec.png
"['[223]', '[269]']",[648],mix_130_spec.png
"['[907]', '[816]']",[138],mix_131_spec.png
"['[652]', '[597]']",[592],mix_132_spec.png
"['[49]', '[95]']",[761],mix_133_spec.png
"['[843]', '[250]']",[116],mix_134_spec.png
"['[61]', '[548]']",[346],mix_135_spec.png
"['[722]', '[812]']",[239],mix_136_spec.png
"['[888]', '[61]']",[875],mix_137_spec.png
"['[59]', '[785]']",[386],mix_138_spec.png
"['[907]', '[22]']",[36],mix_139_spec.png
"['[193]', '[588]']",[791],mix_140_spec.png
"['[83]', '[68]']",[631],mix_141_spec.png
"['[380]', '[298]']",[929],mix_142_spec.png
"['[63]', '[720]']",[700],mix_143_spec.png
"['[470]', '[58]']",[229],mix_144_spec.png
"['[4]', '[933]']",[481],mix_145_spec.png
"['[535]', '[366]']",[409],mix_146_spec.png
"['[472]', '[720]']",[749],mix_147_spec.png
"['[907]', '[428]']",[533],mix_148_spec.png
"['[501]', '[375]']",[569],mix_149_spec.png
"['[62]', '[857]']",[72],mix_150_spec.png
"['[349]', '[351]']",[423],mix_151_spec.png
"['[895]', '[424]']",[768],mix_152_spec.png
"['[326]', '[293]']",[640],mix_153_spec.png
"['[384]', '[300]']",[919],mix_154_spec.png
"['[624]', '[826]']",[445],mix_155_spec.png
"['[409]', '[359]']",[940],mix_156_spec.png
"['[377]', '[19]']",[669],mix_157_spec.png
"['[390]', '[535]']",[59],mix_158_spec.png
"['[456]', '[895]']",[641],mix_159_spec.png
"['[752]', '[72]']",[935],mix_160_spec.png
"['[844]', '[213]']",[754],mix_161_spec.png
"['[899]', '[276]']",[630],mix_162_spec.png
"['[293]', '[873]']",[860],mix_163_spec.png
"['[512]', '[148]']",[149],mix_164_spec.png
"['[258]', '[579]']",[511],mix_165_spec.png
"['[525]', '[322]']",[824],mix_166_spec.png
"['[909]', '[276]']",[394],mix_167_spec.png
"['[92]', '[209]']",[526],mix_168_spec.png
"['[719]', '[497]']",[29],mix_169_spec.png
"['[579]', '[304]']",[428],mix_170_spec.png
"['[258]', '[929]']",[404],mix_171_spec.png
"['[164]', '[95]']",[339],mix_172_spec.png
"['[409]', '[517]']",[250],mix_173_spec.png
"['[737]', '[131]']",[820],mix_174_spec.png
"['[202]', '[426]']",[1],mix_175_spec.png
"['[171]', '[621]']",[61],mix_176_spec.png
"['[878]', '[685]']",[570],mix_177_spec.png
"['[272]', '[67]']",[527],mix_178_spec.png
"['[237]', '[949]']",[383],mix_179_spec.png
"['[296]', '[19]']",[706],mix_180_spec.png
"['[601]', '[321]']",[858],mix_181_spec.png
"['[286]', '[743]']",[490],mix_182_spec.png
"['[528]', '[11]']",[484],mix_183_spec.png
"['[779]', '[240]']",[61],mix_184_spec.png
"['[876]', '[240]']",[256],mix_185_spec.png
"['[223]', '[750]']",[428],mix_186_spec.png
"['[610]', '[127]']",[827],mix_187_spec.png
"['[869]', '[69]']",[525],mix_188_spec.png
"['[205]', '[819]']",[404],mix_189_spec.png
"['[346]', '[751]']",[23],mix_190_spec.png
"['[528]', '[811]']",[775],mix_191_spec.png
"['[873]', '[611]']",[242],mix_192_spec.png
"['[931]', '[216]']",[447],mix_193_spec.png
"['[458]', '[624]']",[385],mix_194_spec.png
"['[775]', '[205]']",[673],mix_195_spec.png
"['[546]', '[184]']",[654],mix_196_spec.png
"['[763]', '[207]']",[458],mix_197_spec.png
"['[19]', '[637]']",[262],mix_198_spec.png
"['[437]', '[455]']",[737],mix_199_spec.png
"['[824]', '[874]']",[397],mix_200_spec.png
"['[129]', '[645]']",[231],mix_201_spec.png
"['[634]', '[846]']",[516],mix_202_spec.png
"['[749]', '[552]']",[778],mix_203_spec.png
"['[453]', '[597]']",[929],mix_204_spec.png
"['[538]', '[258]']",[69],mix_205_spec.png
"['[486]', '[920]']",[164],mix_206_spec.png
"['[464]', '[373]']",[873],mix_207_spec.png
"['[862]', '[18]']",[901],mix_208_spec.png
"['[777]', '[199]']",[968],mix_209_spec.png
"['[910]', '[391]']",[689],mix_210_spec.png
"['[430]', '[396]']",[105],mix_211_spec.png
"['[951]', '[210]']",[599],mix_212_spec.png
"['[103]', '[622]']",[74],mix_213_spec.png
"['[537]', '[676]']",[727],mix_214_spec.png
"['[151]', '[499]']",[509],mix_215_spec.png
"['[213]', '[985]']",[144],mix_216_spec.png
"['[941]', '[933]']",[578],mix_217_spec.png
"['[529]', '[161]']",[682],mix_218_spec.png
"['[34]', '[659]']",[556],mix_219_spec.png
"['[184]', '[756]']",[679],mix_220_spec.png
"['[192]', '[870]']",[416],mix_221_spec.png
"['[539]', '[291]']",[115],mix_222_spec.png
"['[326]', '[424]']",[650],mix_223_spec.png
"['[496]', '[305]']",[338],mix_224_spec.png
"['[655]', '[17]']",[836],mix_225_spec.png
"['[125]', '[655]']",[326],mix_226_spec.png
"['[840]', '[132]']",[214],mix_227_spec.png
"['[425]', '[33]']",[199],mix_228_spec.png
"['[77]', '[634]']",[95],mix_229_spec.png
"['[299]', '[584]']",[695],mix_230_spec.png
"['[426]', '[42]']",[667],mix_231_spec.png
"['[119]', '[366]']",[381],mix_232_spec.png
"['[12]', '[448]']",[396],mix_233_spec.png
"['[379]', '[248]']",[177],mix_234_spec.png
"['[146]', '[347]']",[864],mix_235_spec.png
"['[947]', '[954]']",[599],mix_236_spec.png
"['[676]', '[223]']",[247],mix_237_spec.png
"['[779]', '[606]']",[262],mix_238_spec.png
"['[383]', '[47]']",[850],mix_239_spec.png
"['[915]', '[893]']",[209],mix_240_spec.png
"['[317]', '[22]']",[72],mix_241_spec.png
"['[730]', '[933]']",[190],mix_242_spec.png
"['[12]', '[798]']",[385],mix_243_spec.png
"['[29]', '[59]']",[332],mix_244_spec.png
"['[60]', '[168]']",[802],mix_245_spec.png
"['[388]', '[244]']",[455],mix_246_spec.png
"['[558]', '[769]']",[515],mix_247_spec.png
"['[434]', '[431]']",[334],mix_248_spec.png
"['[212]', '[854]']",[833],mix_249_spec.png
"['[228]', '[949]']",[546],mix_250_spec.png
"['[747]', '[758]']",[940],mix_251_spec.png
"['[654]', '[357]']",[800],mix_252_spec.png
"['[289]', '[397]']",[995],mix_253_spec.png
"['[428]', '[332]']",[717],mix_254_spec.png
"['[869]', '[87]']",[674],mix_255_spec.png
"['[70]', '[91]']",[317],mix_256_spec.png
"['[153]', '[818]']",[702],mix_257_spec.png
"['[227]', '[784]']",[391],mix_258_spec.png
"['[850]', '[695]']",[127],mix_259_spec.png
"['[726]', '[297]']",[633],mix_260_spec.png
"['[372]', '[45]']",[719],mix_261_spec.png
"['[185]', '[215]']",[866],mix_262_spec.png
"['[810]', '[662]']",[564],mix_263_spec.png
"['[955]', '[604]']",[558],mix_264_spec.png
"['[633]', '[383]']",[45],mix_265_spec.png
"['[932]', '[220]']",[212],mix_266_spec.png
"['[987]', '[75]']",[530],mix_267_spec.png
"['[889]', '[612]']",[526],mix_268_spec.png
"['[920]', '[945]']",[686],mix_269_spec.png
"['[749]', '[134]']",[825],mix_270_spec.png
"['[273]', '[34]']",[626],mix_271_spec.png
"['[709]', '[136]']",[282],mix_272_spec.png
"['[375]', '[952]']",[62],mix_273_spec.png
"['[940]', '[303]']",[659],mix_274_spec.png
"['[137]', '[763]']",[332],mix_275_spec.png
"['[947]', '[164]']",[206],mix_276_spec.png
"['[930]', '[307]']",[904],mix_277_spec.png
"['[732]', '[303]']",[453],mix_278_spec.png
"['[0]', '[400]']",[822],mix_279_spec.png
"['[115]', '[693]']",[326],mix_280_spec.png
"['[0]', '[939]']",[220],mix_281_spec.png
"['[194]', '[139]']",[726],mix_282_spec.png
"['[776]', '[148]']",[66],mix_283_spec.png
"['[550]', '[653]']",[175],mix_284_spec.png
"['[214]', '[789]']",[9],mix_285_spec.png
"['[415]', '[869]']",[784],mix_286_spec.png
"['[138]', '[365]']",[351],mix_287_spec.png
"['[193]', '[321]']",[288],mix_288_spec.png
"['[753]', '[848]']",[745],mix_289_spec.png
"['[784]', '[559]']",[724],mix_290_spec.png
"['[562]', '[231]']",[691],mix_291_spec.png
"['[497]', '[918]']",[979],mix_292_spec.png
"['[900]', '[595]']",[851],mix_293_spec.png
"['[636]', '[125]']",[569],mix_294_spec.png
"['[132]', '[800]']",[592],mix_295_spec.png
"['[428]', '[249]']",[599],mix_296_spec.png
"['[155]', '[400]']",[496],mix_297_spec.png
"['[780]', '[39]']",[971],mix_298_spec.png
"['[711]', '[741]']",[697],mix_299_spec.png
"['[35]', '[680]']",[879],mix_300_spec.png
"['[543]', '[796]']",[261],mix_301_spec.png
"['[445]', '[596]']",[233],mix_302_spec.png
"['[688]', '[782]']",[940],mix_303_spec.png
"['[324]', '[330]']",[431],mix_304_spec.png
"['[406]', '[57]']",[808],mix_305_spec.png
"['[782]', '[80]']",[93],mix_306_spec.png
"['[63]', '[514]']",[876],mix_307_spec.png
"['[93]', '[899]']",[413],mix_308_spec.png
"['[698]', '[223]']",[512],mix_309_spec.png
"['[462]', '[29]']",[366],mix_310_spec.png
"['[425]', '[5]']",[559],mix_311_spec.png
"['[863]', '[960]']",[35],mix_312_spec.png
"['[236]', '[244]']",[505],mix_313_spec.png
"['[637]', '[893]']",[184],mix_314_spec.png
"['[635]', '[849]']",[363],mix_315_spec.png
"['[944]', '[604]']",[237],mix_316_spec.png
"['[965]', '[504]']",[500],mix_317_spec.png
"['[754]', '[876]']",[76],mix_318_spec.png
"['[359]', '[837]']",[332],mix_319_spec.png
"['[737]', '[280]']",[753],mix_320_spec.png
"['[296]', '[867]']",[400],mix_321_spec.png
"['[413]', '[604]']",[749],mix_322_spec.png
"['[496]', '[808]']",[944],mix_323_spec.png
"['[681]', '[736]']",[784],mix_324_spec.png
"['[749]', '[950]']",[777],mix_325_spec.png
"['[408]', '[537]']",[30],mix_326_spec.png
"['[571]', '[323]']",[915],mix_327_spec.png
"['[72]', '[932]']",[626],mix_328_spec.png
"['[157]', '[349]']",[473],mix_329_spec.png
"['[164]', '[250]']",[373],mix_330_spec.png
"['[673]', '[517]']",[808],mix_331_spec.png
"['[91]', '[598]']",[34],mix_332_spec.png
"['[826]', '[392]']",[237],mix_333_spec.png
"['[842]', '[407]']",[831],mix_334_spec.png
"['[160]', '[547]']",[222],mix_335_spec.png
"['[716]', '[723]']",[247],mix_336_spec.png
"['[879]', '[709]']",[88],mix_337_spec.png
"['[187]', '[173]']",[246],mix_338_spec.png
"['[730]', '[76]']",[534],mix_339_spec.png
"['[415]', '[487]']",[114],mix_340_spec.png
"['[687]', '[620]']",[157],mix_341_spec.png
"['[673]', '[773]']",[383],mix_342_spec.png
"['[833]', '[226]']",[272],mix_343_spec.png
"['[584]', '[678]']",[790],mix_344_spec.png
"['[175]', '[643]']",[698],mix_345_spec.png
"['[162]', '[350]']",[166],mix_346_spec.png
"['[265]', '[923]']",[892],mix_347_spec.png
"['[195]', '[172]']",[115],mix_348_spec.png
"['[813]', '[411]']",[71],mix_349_spec.png
"['[370]', '[103]']",[196],mix_350_spec.png
"['[568]', '[614]']",[531],mix_351_spec.png
"['[287]', '[736]']",[511],mix_352_spec.png
"['[151]', '[55]']",[42],mix_353_spec.png
"['[349]', '[72]']",[307],mix_354_spec.png
"['[125]', '[119]']",[913],mix_355_spec.png
"['[64]', '[810]']",[33],mix_356_spec.png
"['[703]', '[68]']",[503],mix_357_spec.png
"['[67]', '[655]']",[473],mix_358_spec.png
"['[392]', '[172]']",[15],mix_359_spec.png
"['[338]', '[331]']",[547],mix_360_spec.png
"['[499]', '[777]']",[915],mix_361_spec.png
"['[497]', '[540]']",[628],mix_362_spec.png
"['[67]', '[415]']",[949],mix_363_spec.png
"['[932]', '[388]']",[162],mix_364_spec.png
"['[92]', '[749]']",[894],mix_365_spec.png
"['[199]', '[486]']",[107],mix_366_spec.png
"['[604]', '[567]']",[772],mix_367_spec.png
"['[346]', '[11]']",[608],mix_368_spec.png
"['[475]', '[245]']",[623],mix_369_spec.png
"['[233]', '[396]']",[704],mix_370_spec.png
"['[445]', '[222]']",[154],mix_371_spec.png
"['[912]', '[890]']",[696],mix_372_spec.png
"['[953]', '[666]']",[373],mix_373_spec.png
"['[486]', '[80]']",[477],mix_374_spec.png
"['[364]', '[437]']",[910],mix_375_spec.png
"['[335]', '[652]']",[478],mix_376_spec.png
"['[672]', '[710]']",[468],mix_377_spec.png
"['[293]', '[273]']",[127],mix_378_spec.png
"['[893]', '[654]']",[139],mix_379_spec.png
"['[519]', '[118]']",[813],mix_380_spec.png
"['[839]', '[269]']",[852],mix_381_spec.png
"['[658]', '[136]']",[834],mix_382_spec.png
"['[543]', '[492]']",[366],mix_383_spec.png
"['[164]', '[39]']",[151],mix_384_spec.png
"['[220]', '[618]']",[680],mix_385_spec.png
"['[3]', '[581]']",[622],mix_386_spec.png
"['[931]', '[403]']",[533],mix_387_spec.png
"['[821]', '[91]']",[192],mix_388_spec.png
"['[415]', '[709]']",[710],mix_389_spec.png
"['[138]', '[815]']",[108],mix_390_spec.png
"['[523]', '[441]']",[475],mix_391_spec.png
"['[637]', '[321]']",[276],mix_392_spec.png
"['[173]', '[360]']",[156],mix_393_spec.png
"['[367]', '[754]']",[307],mix_394_spec.png
"['[49]', '[824]']",[939],mix_395_spec.png
"['[45]', '[696]']",[185],mix_396_spec.png
"['[403]', '[328]']",[237],mix_397_spec.png
"['[754]', '[581]']",[664],mix_398_spec.png
"['[6]', '[78]']",[419],mix_399_spec.png
"['[446]', '[915]']",[633],mix_400_spec.png
"['[62]', '[73]']",[469],mix_401_spec.png
"['[948]', '[623]']",[869],mix_402_spec.png
"['[354]', '[294]']",[433],mix_403_spec.png
"['[869]', '[674]']",[1],mix_404_spec.png
"['[73]', '[674]']",[93],mix_405_spec.png
"['[817]', '[704]']",[385],mix_406_spec.png
"['[249]', '[350]']",[192],mix_407_spec.png
"['[69]', '[724]']",[267],mix_408_spec.png
"['[909]', '[857]']",[679],mix_409_spec.png
"['[59]', '[497]']",[895],mix_410_spec.png
"['[244]', '[222]']",[55],mix_411_spec.png
"['[475]', '[61]']",[145],mix_412_spec.png
"['[485]', '[445]']",[455],mix_413_spec.png
"['[828]', '[350]']",[405],mix_414_spec.png
"['[464]', '[432]']",[291],mix_415_spec.png
"['[957]', '[237]']",[591],mix_416_spec.png
"['[506]', '[801]']",[264],mix_417_spec.png
"['[98]', '[366]']",[364],mix_418_spec.png
"['[346]', '[158]']",[478],mix_419_spec.png
"['[366]', '[706]']",[367],mix_420_spec.png
"['[761]', '[882]']",[188],mix_421_spec.png
"['[553]', '[708]']",[12],mix_422_spec.png
"['[248]', '[5]']",[723],mix_423_spec.png
"['[690]', '[353]']",[659],mix_424_spec.png
"['[782]', '[676]']",[431],mix_425_spec.png
"['[771]', '[227]']",[350],mix_426_spec.png
"['[442]', '[127]']",[134],mix_427_spec.png
"['[218]', '[749]']",[585],mix_428_spec.png
"['[777]', '[411]']",[728],mix_429_spec.png
"['[782]', '[162]']",[502],mix_430_spec.png
"['[626]', '[516]']",[484],mix_431_spec.png
"['[836]', '[162]']",[283],mix_432_spec.png
"['[504]', '[991]']",[751],mix_433_spec.png
"['[462]', '[382]']",[812],mix_434_spec.png
"['[35]', '[139]']",[900],mix_435_spec.png
"['[428]', '[702]']",[320],mix_436_spec.png
"['[664]', '[122]']",[220],mix_437_spec.png
"['[947]', '[718]']",[722],mix_438_spec.png
"['[328]', '[157]']",[620],mix_439_spec.png
"['[659]', '[662]']",[875],mix_440_spec.png
"['[599]', '[660]']",[825],mix_441_spec.png
"['[90]', '[875]']",[681],mix_442_spec.png
"['[877]', '[887]']",[983],mix_443_spec.png
"['[753]', '[772]']",[637],mix_444_spec.png
"['[431]', '[98]']",[868],mix_445_spec.png
"['[697]', '[749]']",[449],mix_446_spec.png
"['[954]', '[787]']",[44],mix_447_spec.png
"['[15]', '[658]']",[823],mix_448_spec.png
"['[480]', '[305]']",[480],mix_449_spec.png
"['[845]', '[210]']",[498],mix_450_spec.png
"['[628]', '[665]']",[884],mix_451_spec.png
"['[943]', '[480]']",[287],mix_452_spec.png
"['[164]', '[622]']",[167],mix_453_spec.png
"['[45]', '[746]']",[276],mix_454_spec.png
"['[579]', '[549]']",[561],mix_455_spec.png
"['[119]', '[39]']",[371],mix_456_spec.png
"['[322]', '[655]']",[480],mix_457_spec.png
"['[24]', '[496]']",[965],mix_458_spec.png
"['[601]', '[364]']",[144],mix_459_spec.png
"['[485]', '[573]']",[628],mix_460_spec.png
"['[992]', '[168]']",[948],mix_461_spec.png
"['[304]', '[492]']",[248],mix_462_spec.png
"['[689]', '[824]']",[836],mix_463_spec.png
"['[69]', '[55]']",[835],mix_464_spec.png
"['[11]', '[460]']",[831],mix_465_spec.png
"['[345]', '[837]']",[775],mix_466_spec.png
"['[276]', '[126]']",[789],mix_467_spec.png
"['[923]', '[968]']",[333],mix_468_spec.png
"['[619]', '[334]']",[125],mix_469_spec.png
"['[498]', '[876]']",[27],mix_470_spec.png
"['[671]', '[945]']",[194],mix_471_spec.png
"['[815]', '[108]']",[875],mix_472_spec.png
"['[998]', '[543]']",[611],mix_473_spec.png
"['[760]', '[434]']",[799],mix_474_spec.png
"['[756]', '[19]']",[159],mix_475_spec.png
"['[846]', '[448]']",[850],mix_476_spec.png
"['[93]', '[320]']",[564],mix_477_spec.png
"['[491]', '[758]']",[751],mix_478_spec.png
"['[411]', '[196]']",[761],mix_479_spec.png
"['[175]', '[291]']",[349],mix_480_spec.png
"['[153]', '[541]']",[294],mix_481_spec.png
"['[654]', '[659]']",[108],mix_482_spec.png
"['[681]', '[843]']",[731],mix_483_spec.png
"['[487]', '[26]']",[311],mix_484_spec.png
"['[264]', '[126]']",[482],mix_485_spec.png
"['[848]', '[314]']",[848],mix_486_spec.png
"['[117]', '[375]']",[882],mix_487_spec.png
"['[943]', '[627]']",[442],mix_488_spec.png
"['[926]', '[884]']",[168],mix_489_spec.png
"['[307]', '[213]']",[719],mix_490_spec.png
"['[199]', '[446]']",[607],mix_491_spec.png
"['[672]', '[522]']",[700],mix_492_spec.png
"['[279]', '[226]']",[624],mix_493_spec.png
"['[546]', '[272]']",[671],mix_494_spec.png
"['[542]', '[474]']",[527],mix_495_spec.png
"['[18]', '[707]']",[966],mix_496_spec.png
"['[170]', '[346]']",[534],mix_497_spec.png
"['[466]', '[382]']",[553],mix_498_spec.png
"['[458]', '[809]']",[866],mix_499_spec.png
"['[869]', '[763]']",[760],mix_500_spec.png
"['[739]', '[404]']",[2],mix_501_spec.png
"['[410]', '[821]']",[831],mix_502_spec.png
"['[712]', '[141]']",[665],mix_503_spec.png
"['[67]', '[13]']",[305],mix_504_spec.png
"['[495]', '[711]']",[404],mix_505_spec.png
"['[932]', '[225]']",[869],mix_506_spec.png
"['[726]', '[265]']",[525],mix_507_spec.png
"['[626]', '[293]']",[116],mix_508_spec.png
"['[392]', '[49]']",[14],mix_509_spec.png
"['[69]', '[583]']",[245],mix_510_spec.png
"['[678]', '[627]']",[246],mix_511_spec.png
"['[569]', '[923]']",[371],mix_512_spec.png
"['[12]', '[945]']",[76],mix_513_spec.png
"['[949]', '[622]']",[695],mix_514_spec.png
"['[839]', '[689]']",[869],mix_515_spec.png
"['[692]', '[403]']",[523],mix_516_spec.png
"['[41]', '[269]']",[343],mix_517_spec.png
"['[866]', '[854]']",[617],mix_518_spec.png
"['[509]', '[988]']",[454],mix_519_spec.png
"['[366]', '[257]']",[554],mix_520_spec.png
"['[625]', '[203]']",[621],mix_521_spec.png
"['[625]', '[14]']",[479],mix_522_spec.png
"['[910]', '[483]']",[317],mix_523_spec.png
"['[503]', '[697]']",[772],mix_524_spec.png
"['[47]', '[923]']",[837],mix_525_spec.png
"['[9]', '[962]']",[298],mix_526_spec.png
"['[841]', '[189]']",[255],mix_527_spec.png
"['[331]', '[468]']",[476],mix_528_spec.png
"['[15]', '[216]']",[144],mix_529_spec.png
"['[744]', '[20]']",[862],mix_530_spec.png
"['[852]', '[284]']",[702],mix_531_spec.png
"['[621]', '[684]']",[746],mix_532_spec.png
"['[619]', '[107]']",[784],mix_533_spec.png
"['[277]', '[832]']",[778],mix_534_spec.png
"['[317]', '[935]']",[664],mix_535_spec.png
"['[385]', '[784]']",[641],mix_536_spec.png
"['[41]', '[390]']",[740],mix_537_spec.png
"['[843]', '[554]']",[480],mix_538_spec.png
"['[991]', '[693]']",[893],mix_539_spec.png
"['[59]', '[608]']",[157],mix_540_spec.png
"['[249]', '[939]']",[844],mix_541_spec.png
"['[20]', '[676]']",[760],mix_542_spec.png
"['[613]', '[200]']",[798],mix_543_spec.png
"['[515]', '[270]']",[505],mix_544_spec.png
"['[446]', '[908]']",[264],mix_545_spec.png
"['[373]', '[704]']",[586],mix_546_spec.png
"['[254]', '[225]']",[275],mix_547_spec.png
"['[836]', '[126]']",[443],mix_548_spec.png
"['[51]', '[679]']",[428],mix_549_spec.png
"['[571]', '[715]']",[180],mix_550_spec.png
"['[333]', '[497]']",[364],mix_551_spec.png
"['[629]', '[730]']",[639],mix_552_spec.png
"['[548]', '[194]']",[785],mix_553_spec.png
"['[736]', '[584]']",[844],mix_554_spec.png
"['[303]', '[136]']",[829],mix_555_spec.png
"['[501]', '[945]']",[328],mix_556_spec.png
"['[63]', '[989]']",[844],mix_557_spec.png
"['[66]', '[270]']",[970],mix_558_spec.png
"['[506]', '[25]']",[623],mix_559_spec.png
"['[837]', '[435]']",[241],mix_560_spec.png
"['[965]', '[507]']",[836],mix_561_spec.png
"['[532]', '[515]']",[101],mix_562_spec.png
"['[388]', '[482]']",[49],mix_563_spec.png
"['[273]', '[489]']",[252],mix_564_spec.png
"['[580]', '[442]']",[265],mix_565_spec.png
"['[154]', '[499]']",[389],mix_566_spec.png
"['[940]', '[747]']",[264],mix_567_spec.png
"['[897]', '[451]']",[611],mix_568_spec.png
"['[607]', '[206]']",[275],mix_569_spec.png
"['[734]', '[851]']",[129],mix_570_spec.png
"['[428]', '[5]']",[707],mix_571_spec.png
"['[373]', '[11]']",[570],mix_572_spec.png
"['[613]', '[639]']",[56],mix_573_spec.png
"['[770]', '[836]']",[666],mix_574_spec.png
"['[761]', '[778]']",[599],mix_575_spec.png
"['[132]', '[262]']",[747],mix_576_spec.png
"['[738]', '[691]']",[111],mix_577_spec.png
"['[84]', '[589]']",[549],mix_578_spec.png
"['[727]', '[248]']",[298],mix_579_spec.png
"['[707]', '[345]']",[628],mix_580_spec.png
"['[348]', '[22]']",[775],mix_581_spec.png
"['[575]', '[752]']",[543],mix_582_spec.png
"['[574]', '[130]']",[668],mix_583_spec.png
"['[356]', '[791]']",[313],mix_584_spec.png
"['[824]', '[428]']",[418],mix_585_spec.png
"['[804]', '[392]']",[72],mix_586_spec.png
"['[740]', '[132]']",[267],mix_587_spec.png
"['[371]', '[598]']",[421],mix_588_spec.png
"['[629]', '[238]']",[71],mix_589_spec.png
"['[665]', '[55]']",[173],mix_590_spec.png
"['[54]', '[376]']",[792],mix_591_spec.png
"['[83]', '[672]']",[231],mix_592_spec.png
"['[373]', '[161]']",[176],mix_593_spec.png
"['[238]', '[689]']",[125],mix_594_spec.png
"['[373]', '[125]']",[633],mix_595_spec.png
"['[20]', '[403]']",[380],mix_596_spec.png
"['[498]', '[589]']",[844],mix_597_spec.png
"['[549]', '[526]']",[389],mix_598_spec.png
"['[160]', '[947]']",[783],mix_599_spec.png
"['[553]', '[826]']",[811],mix_600_spec.png
"['[778]', '[290]']",[431],mix_601_spec.png
"['[341]', '[126]']",[890],mix_602_spec.png
"['[62]', '[682]']",[498],mix_603_spec.png
"['[357]', '[425]']",[492],mix_604_spec.png
"['[201]', '[576]']",[314],mix_605_spec.png
"['[900]', '[15]']",[370],mix_606_spec.png
"['[247]', '[640]']",[731],mix_607_spec.png
"['[606]', '[868]']",[653],mix_608_spec.png
"['[419]', '[192]']",[366],mix_609_spec.png
"['[39]', '[459]']",[444],mix_610_spec.png
"['[247]', '[750]']",[438],mix_611_spec.png
"['[531]', '[639]']",[116],mix_612_spec.png
"['[88]', '[506]']",[753],mix_613_spec.png
"['[175]', '[813]']",[622],mix_614_spec.png
"['[321]', '[69]']",[558],mix_615_spec.png
"['[405]', '[41]']",[879],mix_616_spec.png
"['[136]', '[179]']",[49],mix_617_spec.png
"['[54]', '[929]']",[385],mix_618_spec.png
"['[58]', '[248]']",[550],mix_619_spec.png
"['[736]', '[497]']",[333],mix_620_spec.png
"['[607]', '[665]']",[481],mix_621_spec.png
"['[397]', '[160]']",[32],mix_622_spec.png
"['[67]', '[52]']",[79],mix_623_spec.png
"['[220]', '[202]']",[641],mix_624_spec.png
"['[304]', '[564]']",[693],mix_625_spec.png
"['[211]', '[415]']",[138],mix_626_spec.png
"['[204]', '[343]']",[384],mix_627_spec.png
"['[790]', '[357]']",[826],mix_628_spec.png
"['[737]', '[125]']",[658],mix_629_spec.png
"['[508]', '[536]']",[591],mix_630_spec.png
"['[829]', '[547]']",[934],mix_631_spec.png
"['[261]', '[794]']",[884],mix_632_spec.png
"['[248]', '[831]']",[659],mix_633_spec.png
"['[686]', '[371]']",[501],mix_634_spec.png
"['[333]', '[558]']",[136],mix_635_spec.png
"['[251]', '[709]']",[618],mix_636_spec.png
"['[535]', '[504]']",[476],mix_637_spec.png
"['[107]', '[389]']",[556],mix_638_spec.png
"['[751]', '[851]']",[549],mix_639_spec.png
"['[73]', '[144]']",[285],mix_640_spec.png
"['[536]', '[592]']",[783],mix_641_spec.png
"['[702]', '[5]']",[796],mix_642_spec.png
"['[504]', '[342]']",[855],mix_643_spec.png
"['[823]', '[324]']",[892],mix_644_spec.png
"['[893]', '[160]']",[6],mix_645_spec.png
"['[544]', '[779]']",[849],mix_646_spec.png
"['[15]', '[9]']",[185],mix_647_spec.png
"['[933]', '[5]']",[9],mix_648_spec.png
"['[695]', '[988]']",[278],mix_649_spec.png
"['[804]', '[781]']",[945],mix_650_spec.png
"['[99]', '[307]']",[20],mix_651_spec.png
"['[172]', '[143]']",[839],mix_652_spec.png
"['[184]', '[223]']",[428],mix_653_spec.png
"['[312]', '[149]']",[591],mix_654_spec.png
"['[899]', '[647]']",[671],mix_655_spec.png
"['[428]', '[145]']",[143],mix_656_spec.png
"['[745]', '[14]']",[693],mix_657_spec.png
"['[474]', '[668]']",[531],mix_658_spec.png
"['[710]', '[336]']",[78],mix_659_spec.png
"['[570]', '[442]']",[561],mix_660_spec.png
"['[578]', '[598]']",[163],mix_661_spec.png
"['[801]', '[434]']",[500],mix_662_spec.png
"['[638]', '[354]']",[576],mix_663_spec.png
"['[139]', '[567]']",[397],mix_664_spec.png
"['[166]', '[31]']",[427],mix_665_spec.png
"['[861]', '[474]']",[56],mix_666_spec.png
"['[151]', '[92]']",[923],mix_667_spec.png
"['[486]', '[407]']",[354],mix_668_spec.png
"['[940]', '[396]']",[674],mix_669_spec.png
"['[472]', '[589]']",[949],mix_670_spec.png
"['[802]', '[691]']",[185],mix_671_spec.png
"['[471]', '[793]']",[709],mix_672_spec.png
"['[68]', '[684]']",[413],mix_673_spec.png
"['[835]', '[643]']",[191],mix_674_spec.png
"['[181]', '[625]']",[949],mix_675_spec.png
"['[518]', '[202]']",[125],mix_676_spec.png
"['[406]', '[373]']",[869],mix_677_spec.png
"['[477]', '[799]']",[854],mix_678_spec.png
"['[49]', '[71]']",[639],mix_679_spec.png
"['[364]', '[536]']",[698],mix_680_spec.png
"['[848]', '[700]']",[512],mix_681_spec.png
"['[191]', '[691]']",[321],mix_682_spec.png
"['[554]', '[813]']",[129],mix_683_spec.png
"['[996]', '[227]']",[605],mix_684_spec.png
"['[392]', '[443]']",[968],mix_685_spec.png
"['[897]', '[837]']",[31],mix_686_spec.png
"['[881]', '[96]']",[526],mix_687_spec.png
"['[816]', '[405]']",[962],mix_688_spec.png
"['[760]', '[468]']",[837],mix_689_spec.png
"['[732]', '[627]']",[33],mix_690_spec.png
"['[533]', '[761]']",[760],mix_691_spec.png
"['[619]', '[370]']",[495],mix_692_spec.png
"['[424]', '[0]']",[72],mix_693_spec.png
"['[791]', '[592]']",[732],mix_694_spec.png
"['[637]', '[56]']",[108],mix_695_spec.png
"['[132]', '[798]']",[876],mix_696_spec.png
"['[523]', '[784]']",[821],mix_697_spec.png
"['[600]', '[554]']",[841],mix_698_spec.png
"['[756]', '[445]']",[24],mix_699_spec.png
"['[310]', '[931]']",[607],mix_700_spec.png
"['[368]', '[493]']",[611],mix_701_spec.png
"['[517]', '[545]']",[770],mix_702_spec.png
"['[447]', '[326]']",[31],mix_703_spec.png
"['[504]', '[841]']",[755],mix_704_spec.png
"['[508]', '[218]']",[445],mix_705_spec.png
"['[764]', '[485]']",[364],mix_706_spec.png
"['[342]', '[404]']",[511],mix_707_spec.png
"['[668]', '[873]']",[264],mix_708_spec.png
"['[220]', '[290]']",[303],mix_709_spec.png
"['[287]', '[505]']",[809],mix_710_spec.png
"['[637]', '[821]']",[368],mix_711_spec.png
"['[300]', '[576]']",[32],mix_712_spec.png
"['[368]', '[593]']",[696],mix_713_spec.png
"['[51]', '[88]']",[163],mix_714_spec.png
"['[875]', '[313]']",[844],mix_715_spec.png
"['[643]', '[787]']",[143],mix_716_spec.png
"['[235]', '[674]']",[361],mix_717_spec.png
"['[257]', '[702]']",[294],mix_718_spec.png
"['[452]', '[371]']",[658],mix_719_spec.png
"['[571]', '[297]']",[561],mix_720_spec.png
"['[125]', '[41]']",[464],mix_721_spec.png
"['[596]', '[421]']",[777],mix_722_spec.png
"['[55]', '[66]']",[301],mix_723_spec.png
"['[392]', '[723]']",[174],mix_724_spec.png
"['[325]', '[537]']",[386],mix_725_spec.png
"['[989]', '[17]']",[409],mix_726_spec.png
"['[248]', '[275]']",[554],mix_727_spec.png
"['[396]', '[134]']",[501],mix_728_spec.png
"['[846]', '[550]']",[837],mix_729_spec.png
"['[258]', '[710]']",[404],mix_730_spec.png
"['[685]', '[473]']",[655],mix_731_spec.png
"['[895]', '[275]']",[525],mix_732_spec.png
"['[49]', '[194]']",[408],mix_733_spec.png
"['[860]', '[192]']",[15],mix_734_spec.png
"['[200]', '[615]']",[859],mix_735_spec.png
"['[697]', '[890]']",[678],mix_736_spec.png
"['[103]', '[209]']",[375],mix_737_spec.png
"['[481]', '[936]']",[696],mix_738_spec.png
"['[812]', '[424]']",[304],mix_739_spec.png
"['[536]', '[703]']",[443],mix_740_spec.png
"['[369]', '[176]']",[719],mix_741_spec.png
"['[903]', '[901]']",[427],mix_742_spec.png
"['[449]', '[769]']",[881],mix_743_spec.png
"['[878]', '[592]']",[119],mix_744_spec.png
"['[321]', '[102]']",[20],mix_745_spec.png
"['[108]', '[610]']",[118],mix_746_spec.png
"['[895]', '[326]']",[723],mix_747_spec.png
"['[860]', '[882]']",[565],mix_748_spec.png
"['[264]', '[967]']",[593],mix_749_spec.png
"['[442]', '[785]']",[556],mix_750_spec.png
"['[662]', '[954]']",[673],mix_751_spec.png
"['[816]', '[948]']",[413],mix_752_spec.png
"['[381]', '[688]']",[779],mix_753_spec.png
"['[435]', '[268]']",[570],mix_754_spec.png
"['[632]', '[714]']",[834],mix_755_spec.png
"['[673]', '[93]']",[454],mix_756_spec.png
"['[314]', '[265]']",[835],mix_757_spec.png
"['[476]', '[55]']",[518],mix_758_spec.png
"['[648]', '[42]']",[298],mix_759_spec.png
"['[131]', '[311]']",[56],mix_760_spec.png
"['[221]', '[582]']",[940],mix_761_spec.png
"['[571]', '[1]']",[919],mix_762_spec.png
"['[607]', '[129]']",[129],mix_763_spec.png
"['[660]', '[935]']",[349],mix_764_spec.png
"['[70]', '[343]']",[531],mix_765_spec.png
"['[458]', '[317]']",[692],mix_766_spec.png
"['[671]', '[935]']",[941],mix_767_spec.png
"['[898]', '[944]']",[6],mix_768_spec.png
"['[130]', '[375]']",[622],mix_769_spec.png
"['[256]', '[484]']",[626],mix_770_spec.png
"['[755]', '[659]']",[157],mix_771_spec.png
"['[659]', '[258]']",[638],mix_772_spec.png
"['[168]', '[33]']",[857],mix_773_spec.png
"['[678]', '[862]']",[39],mix_774_spec.png
"['[793]', '[715]']",[434],mix_775_spec.png
"['[551]', '[520]']",[602],mix_776_spec.png
"['[940]', '[384]']",[537],mix_777_spec.png
"['[77]', '[686]']",[240],mix_778_spec.png
"['[829]', '[960]']",[143],mix_779_spec.png
"['[112]', '[813]']",[187],mix_780_spec.png
"['[483]', '[302]']",[268],mix_781_spec.png
"['[851]', '[410]']",[943],mix_782_spec.png
"['[641]', '[455]']",[187],mix_783_spec.png
"['[854]', '[469]']",[763],mix_784_spec.png
"['[276]', '[340]']",[229],mix_785_spec.png
"['[920]', '[580]']",[202],mix_786_spec.png
"['[304]', '[463]']",[591],mix_787_spec.png
"['[204]', '[328]']",[661],mix_788_spec.png
"['[403]', '[230]']",[520],mix_789_spec.png
"['[233]', '[17]']",[419],mix_790_spec.png
"['[868]', '[582]']",[779],mix_791_spec.png
"['[49]', '[446]']",[768],mix_792_spec.png
"['[605]', '[257]']",[654],mix_793_spec.png
"['[310]', '[75]']",[167],mix_794_spec.png
"['[671]', '[61]']",[931],mix_795_spec.png
"['[438]', '[225]']",[719],mix_796_spec.png
"['[865]', '[902]']",[359],mix_797_spec.png
"['[785]', '[229]']",[176],mix_798_spec.png
"['[194]', '[941]']",[261],mix_799_spec.png
"['[737]', '[884]']",[133],mix_800_spec.png
"['[167]', '[187]']",[658],mix_801_spec.png
"['[711]', '[144]']",[843],mix_802_spec.png
"['[359]', '[908]']",[750],mix_803_spec.png
"['[47]', '[890]']",[344],mix_804_spec.png
"['[132]', '[795]']",[936],mix_805_spec.png
"['[739]', '[111]']",[640],mix_806_spec.png
"['[246]', '[2]']",[879],mix_807_spec.png
"['[400]', '[470]']",[396],mix_808_spec.png
"['[807]', '[448]']",[400],mix_809_spec.png
"['[131]', '[966]']",[454],mix_810_spec.png
"['[747]', '[647]']",[930],mix_811_spec.png
"['[397]', '[496]']",[745],mix_812_spec.png
"['[323]', '[214]']",[498],mix_813_spec.png
"['[439]', '[324]']",[515],mix_814_spec.png
"['[873]', '[826]']",[578],mix_815_spec.png
"['[391]', '[693]']",[83],mix_816_spec.png
"['[159]', '[269]']",[842],mix_817_spec.png
"['[491]', '[826]']",[196],mix_818_spec.png
"['[781]', '[570]']",[94],mix_819_spec.png
"['[505]', '[875]']",[91],mix_820_spec.png
"['[853]', '[476]']",[795],mix_821_spec.png
"['[254]', '[603]']",[317],mix_822_spec.png
"['[962]', '[931]']",[228],mix_823_spec.png
"['[611]', '[711]']",[620],mix_824_spec.png
"['[772]', '[383]']",[55],mix_825_spec.png
"['[261]', '[930]']",[809],mix_826_spec.png
"['[865]', '[684]']",[664],mix_827_spec.png
"['[730]', '[247]']",[968],mix_828_spec.png
"['[58]', '[222]']",[629],mix_829_spec.png
"['[595]', '[0]']",[87],mix_830_spec.png
"['[496]', '[858]']",[944],mix_831_spec.png
"['[431]', '[77]']",[613],mix_832_spec.png
"['[31]', '[665]']",[820],mix_833_spec.png
"['[336]', '[372]']",[500],mix_834_spec.png
"['[299]', '[441]']",[770],mix_835_spec.png
"['[658]', '[756]']",[581],mix_836_spec.png
"['[349]', '[547]']",[408],mix_837_spec.png
"['[218]', '[592]']",[310],mix_838_spec.png
"['[581]', '[612]']",[677],mix_839_spec.png
"['[257]', '[621]']",[482],mix_840_spec.png
"['[800]', '[720]']",[545],mix_841_spec.png
"['[176]', '[849]']",[694],mix_842_spec.png
"['[206]', '[161]']",[336],mix_843_spec.png
"['[837]', '[452]']",[363],mix_844_spec.png
"['[230]', '[816]']",[59],mix_845_spec.png
"['[416]', '[286]']",[873],mix_846_spec.png
"['[274]', '[761]']",[289],mix_847_spec.png
"['[17]', '[852]']",[959],mix_848_spec.png
"['[85]', '[552]']",[892],mix_849_spec.png
"['[185]', '[338]']",[686],mix_850_spec.png
"['[365]', '[732]']",[281],mix_851_spec.png
"['[573]', '[373]']",[597],mix_852_spec.png
"['[249]', '[142]']",[782],mix_853_spec.png
"['[705]', '[781]']",[64],mix_854_spec.png
"['[479]', '[200]']",[988],mix_855_spec.png
"['[834]', '[112]']",[391],mix_856_spec.png
"['[918]', '[127]']",[303],mix_857_spec.png
"['[693]', '[459]']",[700],mix_858_spec.png
"['[466]', '[763]']",[380],mix_859_spec.png
"['[548]', '[971]']",[180],mix_860_spec.png
"['[851]', '[686]']",[264],mix_861_spec.png
"['[737]', '[954]']",[523],mix_862_spec.png
"['[360]', '[222]']",[772],mix_863_spec.png
"['[83]', '[709]']",[132],mix_864_spec.png
"['[124]', '[592]']",[679],mix_865_spec.png
"['[639]', '[90]']",[659],mix_866_spec.png
"['[673]', '[448]']",[733],mix_867_spec.png
"['[187]', '[415]']",[710],mix_868_spec.png
"['[305]', '[342]']",[868],mix_869_spec.png
"['[604]', '[817]']",[940],mix_870_spec.png
"['[574]', '[781]']",[377],mix_871_spec.png
"['[303]', '[582]']",[812],mix_872_spec.png
"['[545]', '[188]']",[151],mix_873_spec.png
"['[120]', '[62]']",[61],mix_874_spec.png
"['[732]', '[413]']",[878],mix_875_spec.png
"['[648]', '[558]']",[25],mix_876_spec.png
"['[605]', '[762]']",[919],mix_877_spec.png
"['[959]', '[932]']",[847],mix_878_spec.png
"['[599]', '[827]']",[323],mix_879_spec.png
"['[261]', '[25]']",[929],mix_880_spec.png
"['[595]', '[948]']",[809],mix_881_spec.png
"['[293]', '[141]']",[972],mix_882_spec.png
"['[781]', '[68]']",[612],mix_883_spec.png
"['[68]', '[220]']",[542],mix_884_spec.png
"['[866]', '[749]']",[558],mix_885_spec.png
"['[722]', '[756]']",[353],mix_886_spec.png
"['[768]', '[299]']",[549],mix_887_spec.png
"['[323]', '[431]']",[136],mix_888_spec.png
"['[816]', '[95]']",[176],mix_889_spec.png
"['[584]', '[311]']",[68],mix_890_spec.png
"['[496]', '[620]']",[383],mix_891_spec.png
"['[665]', '[134]']",[218],mix_892_spec.png
"['[391]', '[485]']",[611],mix_893_spec.png
"['[80]', '[204]']",[1],mix_894_spec.png
"['[108]', '[141]']",[61],mix_895_spec.png
"['[559]', '[869]']",[314],mix_896_spec.png
"['[719]', '[949]']",[718],mix_897_spec.png
"['[2]', '[573]']",[555],mix_898_spec.png
"['[502]', '[141]']",[668],mix_899_spec.png
"['[843]', '[893]']",[562],mix_900_spec.png
"['[881]', '[142]']",[918],mix_901_spec.png
"['[62]', '[330]']",[950],mix_902_spec.png
"['[698]', '[672]']",[686],mix_903_spec.png
"['[504]', '[261]']",[236],mix_904_spec.png
"['[700]', '[84]']",[794],mix_905_spec.png
"['[194]', '[614]']",[17],mix_906_spec.png
"['[403]', '[68]']",[730],mix_907_spec.png
"['[706]', '[710]']",[38],mix_908_spec.png
"['[67]', '[234]']",[56],mix_909_spec.png
"['[943]', '[407]']",[898],mix_910_spec.png
"['[635]', '[134]']",[447],mix_911_spec.png
"['[536]', '[54]']",[209],mix_912_spec.png
"['[216]', '[111]']",[461],mix_913_spec.png
"['[196]', '[270]']",[270],mix_914_spec.png
"['[655]', '[844]']",[570],mix_915_spec.png
"['[947]', '[393]']",[624],mix_916_spec.png
"['[910]', '[442]']",[690],mix_917_spec.png
"['[335]', '[3]']",[193],mix_918_spec.png
"['[707]', '[175]']",[408],mix_919_spec.png
"['[392]', '[574]']",[707],mix_920_spec.png
"['[525]', '[786]']",[676],mix_921_spec.png
"['[515]', '[202]']",[343],mix_922_spec.png
"['[21]', '[893]']",[825],mix_923_spec.png
"['[315]', '[258]']",[45],mix_924_spec.png
"['[799]', '[419]']",[514],mix_925_spec.png
"['[734]', '[36]']",[170],mix_926_spec.png
"['[466]', '[451]']",[421],mix_927_spec.png
"['[120]', '[950]']",[15],mix_928_spec.png
"['[542]', '[390]']",[210],mix_929_spec.png
"['[432]', '[570]']",[667],mix_930_spec.png
"['[336]', '[244]']",[671],mix_931_spec.png
"['[557]', '[365]']",[670],mix_932_spec.png
"['[370]', '[141]']",[42],mix_933_spec.png
"['[158]', '[637]']",[771],mix_934_spec.png
"['[782]', '[324]']",[421],mix_935_spec.png
"['[113]', '[365]']",[59],mix_936_spec.png
"['[227]', '[894]']",[124],mix_937_spec.png
"['[945]', '[912]']",[859],mix_938_spec.png
"['[366]', '[896]']",[381],mix_939_spec.png
"['[138]', '[317]']",[391],mix_940_spec.png
"['[705]', '[274]']",[947],mix_941_spec.png
"['[691]', '[51]']",[878],mix_942_spec.png
"['[26]', '[73]']",[487],mix_943_spec.png
"['[337]', '[354]']",[753],mix_944_spec.png
"['[771]', '[817]']",[818],mix_945_spec.png
"['[129]', '[116]']",[939],mix_946_spec.png
"['[800]', '[732]']",[552],mix_947_spec.png
"['[192]', '[513]']",[290],mix_948_spec.png
"['[907]', '[947]']",[552],mix_949_spec.png
"['[293]', '[284]']",[751],mix_950_spec.png
"['[408]', '[638]']",[493],mix_951_spec.png
"['[267]', '[339]']",[144],mix_952_spec.png
"['[534]', '[338]']",[381],mix_953_spec.png
"['[197]', '[301]']",[172],mix_954_spec.png
"['[2]', '[930]']",[25],mix_955_spec.png
"['[733]', '[524]']",[151],mix_956_spec.png
"['[284]', '[602]']",[659],mix_957_spec.png
"['[713]', '[155]']",[310],mix_958_spec.png
"['[658]', '[193]']",[507],mix_959_spec.png
"['[446]', '[27]']",[862],mix_960_spec.png
"['[806]', '[348]']",[430],mix_961_spec.png
"['[341]', '[261]']",[500],mix_962_spec.png
"['[368]', '[837]']",[724],mix_963_spec.png
"['[606]', '[699]']",[497],mix_964_spec.png
"['[693]', '[28]']",[831],mix_965_spec.png
"['[556]', '[460]']",[940],mix_966_spec.png
"['[110]', '[574]']",[594],mix_967_spec.png
"['[614]', '[835]']",[48],mix_968_spec.png
"['[827]', '[709]']",[843],mix_969_spec.png
"['[630]', '[32]']",[663],mix_970_spec.png
"['[802]', '[171]']",[481],mix_971_spec.png
"['[670]', '[119]']",[117],mix_972_spec.png
"['[966]', '[839]']",[491],mix_973_spec.png
"['[62]', '[360]']",[462],mix_974_spec.png
"['[350]', '[865]']",[920],mix_975_spec.png
"['[25]', '[64]']",[26],mix_976_spec.png
"['[904]', '[708]']",[189],mix_977_spec.png
"['[448]', '[578]']",[353],mix_978_spec.png
"['[531]', '[207]']",[649],mix_979_spec.png
"['[329]', '[333]']",[246],mix_980_spec.png
"['[79]', '[547]']",[162],mix_981_spec.png
"['[424]', '[340]']",[596],mix_982_spec.png
"['[351]', '[460]']",[575],mix_983_spec.png
"['[733]', '[322]']",[307],mix_984_spec.png
"['[591]', '[120]']",[117],mix_985_spec.png
"['[52]', '[401]']",[400],mix_986_spec.png
"['[33]', '[667]']",[304],mix_987_spec.png
"['[163]', '[643]']",[468],mix_988_spec.png
"['[277]', '[669]']",[954],mix_989_spec.png
"['[670]', '[69]']",[262],mix_990_spec.png
"['[593]', '[62]']",[376],mix_991_spec.png
"['[525]', '[139]']",[747],mix_992_spec.png
"['[283]', '[858]']",[719],mix_993_spec.png
"['[244]', '[731]']",[712],mix_994_spec.png
"['[68]', '[366]']",[498],mix_995_spec.png
"['[597]', '[818]']",[828],mix_996_spec.png
"['[403]', '[335]']",[231],mix_997_spec.png
"['[51]', '[94]']",[35],mix_998_spec.png
"['[704]', '[133]']",[480],mix_999_spec.png
